{"caption": "a woman sitting on the beach with a dog", "mask": [{"value": 0, "label": "background"}, {"value": 1, "label": "woman", "logit": 0.64, "box": [922.2374877929688, 518.5003662109375, 1498.3095703125, 1088.4326171875]}, {"value": 2, "label": "dog", "logit": 0.61, "box": [455.39154052734375, 579.7564697265625, 1191.515625, 1213.038330078125]}, {"value": 3, "label": "beach", "logit": 0.33, "box": [4.4771728515625, 692.3380737304688, 2043.6431884765625, 1361.432861328125]}]}